Ablation Dimension,Setting / Value,AUROC,F1,Harm Rate (%),Coverage (%),Key Finding / Takeaway
MC Passes (N),N = 5,0.9791 (val),0.918,0.11%,56.4%,"r(U, error)=0.363; early correlation capture"
MC Passes (N),N = 10,0.9792 (val),0.919,0.18%,56.8%,"r(U, error)=0.399; rapid convergence"
MC Passes (N),N = 20 (Frozen Default),0.9792 (val),0.920,0.32%,56.2%,"r(U, error)=0.425; Spearman rho vs N50 = 0.996"
MC Passes (N),N = 30,0.9792 (val),0.920,0.33%,56.2%,"r(U, error)=0.432; marginal +0.007 gain"
MC Passes (N),N = 50,0.9792 (val),0.920,0.33%,56.2%,"r(U, error)=0.437; 2.5x runtime overhead for 0.01 r"
Threshold tau,20% Target Coverage,0.941,0.812,0.13%,20.0%,"Ultra-safe, minimal adaptation impact"
Threshold tau,50% Target Coverage,0.953,0.865,0.52%,50.0%,Balanced operating regime
Threshold tau,70th %ile (Val Matched),0.935 (5-seed),0.830,0.73%,57.5%,Official frozen operating point
Threshold tau,100% Coverage (Tent),0.698 (5-seed),0.506,18.75%,100.0%,Unconstrained collapse on Seeds 7 and 99
Adaptation Steps,k = 1 step (Frozen Default),0.935,0.830,0.73%,57.5%,Stable BN affine gradient updates
Adaptation Steps,k = 2 steps,0.931,0.824,1.42%,57.5%,Minor drift begins
Adaptation Steps,k = 5 steps,0.742,0.584,12.80%,57.5%,Severe logit drift and overconfidence collapse
Adaptation Steps,k = 10 steps,0.521,0.312,31.40%,57.5%,Degenerate feature collapse on streaming data
