seed,method,CC_stable_correct,WC_correction,WW_persistent_wrong,CW_harm,correction_rate,harm_rate,flip_rate
42,Source,72454,0,12600,0,0.0,0.0,0.0
42,Tent,68170,4088,8512,4284,0.3244444444444444,0.05912717034256218,0.09843158464034614
42,EATA,68733,4787,7813,3721,0.37992063492063494,0.051356722886245064,0.10003056881510569
42,Random Gate,67980,3070,9530,4474,0.24365079365079365,0.06175,0.08869659275283938
42,Confidence Gate,72241,2865,9735,213,0.22738095238095238,0.00294,0.036188774190514264
42,Entropy Gate,72241,2865,9735,213,0.22738095238095238,0.00294,0.036188774190514264
42,UTTA-Med,72221,2803,9797,233,0.22246031746031747,0.003216,0.03569497025419145
123,Source,72004,0,13050,0,0.0,0.0,0.0
123,Tent,68841,3343,9707,3163,0.2561685823754789,0.043928,0.07649258118371857
123,EATA,70701,2164,10886,1303,0.16582375478927203,0.018096,0.04076233921978978
123,Random Gate,68517,3124,9926,3487,0.23938697318007662,0.048428,0.0777270910245256
123,Confidence Gate,71565,2437,10613,439,0.1867432950191571,0.006097,0.033813812401533146
123,Entropy Gate,71565,2437,10613,439,0.1867432950191571,0.006097,0.033813812401533146
123,UTTA-Med,71549,2424,10626,455,0.1857471264367816,0.006319,0.03384908411127049
2024,Source,70332,0,14722,0,0.0,0.0,0.0
2024,Tent,65559,3416,11306,4773,0.23203369107458227,0.06786384576010919,0.09628001034636818
2024,EATA,68659,1701,13021,1673,0.1155413666621383,0.02378718079963601,0.039668916217932136
2024,Random Gate,62987,1230,13492,7345,0.083548430919712,0.10443325939828244,0.10081830366590637
2024,Confidence Gate,69838,2523,12199,494,0.1713761717157995,0.007023829835636695,0.03547158275918828
2024,Entropy Gate,69838,2523,12199,494,0.1713761717157995,0.007023829835636695,0.03547158275918828
2024,UTTA-Med,69839,2477,12245,493,0.16825159625050945,0.007009611556617187,0.0349189926399699
7,Source,69163,0,15891,0,0.0,0.0,0.0
7,Tent,43223,408,15483,25940,0.02567491032659996,0.3750560270664951,0.3097796693865074
7,EATA,67771,1324,14567,1392,0.08331760115788811,0.020126368144817317,0.03193265454887483
7,Random Gate,43394,402,15489,25769,0.02529733811591467,0.37258360684180847,0.30769863851200413
7,Confidence Gate,68514,1798,14093,649,0.11314580580202631,0.00938362997556497,0.028769957909093046
7,Entropy Gate,68514,1798,14093,649,0.11314580580202631,0.00938362997556497,0.028769957909093046
7,UTTA-Med,68490,1735,14156,673,0.10918129758983072,0.009730636322889407,0.028311425682507583
99,Source,70718,0,14336,0,0.0,0.0,0.0
99,Tent,43036,607,13729,27682,0.04234095982142857,0.39144206566927797,0.33260046558656853
99,EATA,69827,1167,13169,891,0.08140345982142858,0.012599338216578522,0.02419639287981753
99,Random Gate,43479,601,13735,27239,0.04192243303571429,0.3851777482394864,0.32732146636254617
99,Confidence Gate,70028,1483,12853,690,0.10344587053571429,0.00975706326536384,0.025548475086415688
99,Entropy Gate,70028,1483,12853,690,0.10344587053571429,0.00975706326536384,0.025548475086415688
99,UTTA-Med,69992,1440,12896,726,0.10044642857142858,0.010266127435730648,0.025466174430361886
