comparison,method,metric,mean,sd,se,ci_95_low,ci_95_high,formatted
Per-Method,Source,AUROC,0.9296953557081249,0.00924918522828117,0.004136361381384721,0.9182109753974501,0.9411797360187997,"0.9297 [0.9182, 0.9412]"
Per-Method,Source,F1,0.8068523607629559,0.024669435900110108,0.011032507127843982,0.7762212103497936,0.8374835111761181,"0.8069 [0.7762, 0.8375]"
Per-Method,Source,harm_rate,0.0,0.0,0.0,0.0,0.0,"0.0000 [0.0000, 0.0000]"
Per-Method,Source,coverage,1.0,0.0,0.0,1.0,1.0,"1.0000 [1.0000, 1.0000]"
Per-Method,Source,accuracy,0.8339902075977154,0.015554288717470314,0.006956089382784328,0.8146770072795655,0.8533034079158652,"0.8340 [0.8147, 0.8533]"
Per-Method,Source,recall,0.6964939592823383,0.045101532927404486,0.020170018703024303,0.6404930095825785,0.752494908982098,"0.6965 [0.6405, 0.7525]"
Per-Method,Source,specificity,0.9714864559130925,0.014577787452607552,0.006519384741114796,0.9533857420597232,0.9895871697664618,"0.9715 [0.9534, 0.9896]"
Per-Method,Source,precision,0.9617605701853176,0.016989892879572144,0.007598111081832592,0.9406648318634143,0.9828563085072208,"0.9618 [0.9407, 0.9829]"
Per-Method,Source,AUPRC,0.939960483356834,0.006898747481668044,0.003085213665723046,0.9313945569761479,0.9485264097375201,"0.9400 [0.9314, 0.9485]"
Per-Method,Source,ECE,0.12814473198646564,0.02576371389299747,0.011521883123519617,0.09615485598550855,0.16013460798742274,"0.1281 [0.0962, 0.1601]"
Per-Method,Source,Brier,0.13917629271745682,0.015171567229647069,0.006784931130139802,0.12033830389207603,0.15801428154283761,"0.1392 [0.1203, 0.1580]"
Per-Method,Source,correction_rate,0.0,0.0,0.0,0.0,0.0,"0.0000 [0.0000, 0.0000]"
Per-Method,Source,flip_rate,0.0,0.0,0.0,0.0,0.0,"0.0000 [0.0000, 0.0000]"
Per-Method,Tent,AUROC,0.6981499309572521,0.3236500908066659,0.14474072079353692,0.296285265187236,1.100014596727268,"0.6981 [0.2963, 1.1000]"
Per-Method,Tent,F1,0.5056795953255288,0.41113912932225877,0.18386700827492952,-0.004817059806761503,1.0161762504578191,"0.5057 [-0.0048, 1.0162]"
Per-Method,Tent,harm_rate,0.1874834217676889,0.1790076395323671,0.0800546500972303,-0.03478391964308822,0.40975076317846604,"0.1875 [-0.0348, 0.4098]"
Per-Method,Tent,coverage,1.0,0.0,0.0,1.0,1.0,"1.0000 [1.0000, 1.0000]"
Per-Method,Tent,accuracy,0.7070597380987869,0.17778969769538744,0.0795099699492048,0.48630467121889354,0.9278148049786802,"0.7071 [0.4863, 0.9278]"
Per-Method,Tent,recall,0.41963017377195666,0.35822348173987095,0.16020241126140122,-0.02516302681564464,0.864423374359558,"0.4196 [-0.0252, 0.8644]"
Per-Method,Tent,specificity,0.9944893024256171,0.0031480755472450194,0.0014078621843889429,0.9905804503549773,0.9983981544962568,"0.9945 [0.9906, 0.9984]"
Per-Method,Tent,precision,0.9588953997495298,0.044043909438468073,0.01969703509985184,0.904207663059637,1.0135831364394225,"0.9589 [0.9042, 1.0136]"
Per-Method,Tent,AUPRC,0.7578147548648033,0.26233597866208225,0.11732021624647004,0.43208161472654494,1.0835478950030617,"0.7578 [0.4321, 1.0835]"
Per-Method,Tent,ECE,0.2842706753824145,0.1792485835213821,0.08016240352487179,0.06170416249489388,0.5068371882699352,"0.2843 [0.0617, 0.5068]"
Per-Method,Tent,Brier,0.28021703810691834,0.182926071262604,0.08180702604003065,0.05308432108728681,0.5073497551265499,"0.2802 [0.0531, 0.5073]"
Per-Method,Tent,correction_rate,0.17613251760850684,0.1342244510364499,0.06002699935201881,0.00947084907788312,0.3427941861391306,"0.1761 [0.0095, 0.3428]"
Per-Method,Tent,flip_rate,0.1827168622287018,0.1269537187160721,0.056775429009104914,0.025083000260867655,0.3403507241965359,"0.1827 [0.0251, 0.3404]"
Per-Method,EATA,AUROC,0.9210051165986395,0.025933907448557333,0.011597995995432465,0.8888039173870174,0.9532063158102616,"0.9210 [0.8888, 0.9532]"
Per-Method,EATA,F1,0.8090563760044283,0.0307692756580282,0.013760438397956124,0.7708512741690472,0.8472614778398093,"0.8091 [0.7709, 0.8473]"
Per-Method,EATA,harm_rate,0.025193122009455383,0.015175269415146036,0.006786586797828002,0.006350536313625858,0.04403570770528491,"0.0252 [0.0064, 0.0440]"
Per-Method,EATA,coverage,0.8853013097561548,0.03417828475359816,0.015284993612678027,0.8428633640572554,0.9277392554550543,"0.8853 [0.8429, 0.9277]"
Per-Method,EATA,accuracy,0.8390752572204493,0.021352563133658617,0.009549156532143319,0.8125625483080124,0.8655879661328861,"0.8391 [0.8126, 0.8656]"
Per-Method,EATA,recall,0.6850145789733582,0.04581779295520173,0.02049033992536841,0.6281242749837301,0.7419048829629862,"0.6850 [0.6281, 0.7419]"
Per-Method,EATA,specificity,0.9931359354675404,0.0034613742972105475,0.0015479736448266689,0.9888380716183862,0.9974337993166946,"0.9931 [0.9888, 0.9974]"
Per-Method,EATA,precision,0.9903017812511802,0.004376499424661895,0.001957230043406543,0.9848676394774181,0.9957359230249423,"0.9903 [0.9849, 0.9957]"
Per-Method,EATA,AUPRC,0.9412208191542561,0.016847868059064096,0.007534595651202952,0.9203014279388292,0.9621402103696831,"0.9412 [0.9203, 0.9621]"
Per-Method,EATA,ECE,0.15171564405384225,0.024438552083066355,0.01092925274588109,0.12137117376407115,0.18206011434361336,"0.1517 [0.1214, 0.1821]"
Per-Method,EATA,Brier,0.14696120409965516,0.022390669362268825,0.01001341175115099,0.11915951605684193,0.17476289214246837,"0.1470 [0.1192, 0.1748]"
Per-Method,EATA,correction_rate,0.1652013634702724,0.12479774374210886,0.05581124768919088,0.010244498008636721,0.32015822893190804,"0.1652 [0.0102, 0.3202]"
Per-Method,EATA,flip_rate,0.047318174336303996,0.03021348065175584,0.013511879314840141,0.009803183150592774,0.08483316552201522,"0.0473 [0.0098, 0.0848]"
Per-Method,Random Gate,AUROC,0.6967209896484688,0.3044192969740051,0.13614044833931427,0.31873450823734667,1.074707471059591,"0.6967 [0.3187, 1.0747]"
Per-Method,Random Gate,F1,0.4870688359828025,0.3850657033198654,0.17220661768539708,0.008946615227513999,0.965191056738091,"0.4871 [0.0089, 0.9652]"
Per-Method,Random Gate,harm_rate,0.19447452289591546,0.16966391845400697,0.07587601099842811,-0.016191056442604213,0.40514010223443514,"0.1945 [-0.0162, 0.4051]"
Per-Method,Random Gate,coverage,0.7000272767888636,0.000775821143295453,0.0003469577629580476,0.6990639676061883,0.7009905859715388,"0.7000 [0.6991, 0.7010]"
Per-Method,Random Gate,accuracy,0.6931683861752693,0.1648075882625024,0.07370419411255037,0.4885327371989308,0.8978040351516079,"0.6932 [0.4885, 0.8978]"
Per-Method,Random Gate,recall,0.39131840948103563,0.3316911268907568,0.14833678145224813,-0.02053052130285349,0.8031673402649248,"0.3913 [-0.0205, 0.8032]"
Per-Method,Random Gate,specificity,0.995018362869503,0.002681573985113114,0.0011992363434815863,0.9916887489936682,0.9983479767453377,"0.9950 [0.9917, 0.9983]"
Per-Method,Random Gate,precision,0.9645577466482586,0.035756425834486016,0.015990759759668075,0.9201602799851343,1.0089552133113828,"0.9646 [0.9202, 1.0090]"
Per-Method,Random Gate,AUPRC,0.7579006509167914,0.24382840128940392,0.1090433760256409,0.4551477032961583,1.0606535985374244,"0.7579 [0.4551, 1.0607]"
Per-Method,Random Gate,ECE,0.298015049632441,0.16614979957115664,0.07430444925781432,0.09171282519616464,0.5043172740687174,"0.2980 [0.0917, 0.5043]"
Per-Method,Random Gate,Brier,0.29474823778152465,0.1676145519836763,0.07495950645073449,0.08662728300834047,0.5028691925547089,"0.2947 [0.0866, 0.5029]"
Per-Method,Random Gate,correction_rate,0.12676119378044223,0.10689669890634713,0.04780565706498392,-0.005968588778396677,0.25949097633928114,"0.1268 [-0.0060, 0.2595]"
Per-Method,Random Gate,flip_rate,0.18045241846356433,0.12557401645672026,0.05615840740098075,0.024531683119407788,0.33637315380772087,"0.1805 [0.0245, 0.3364]"
Per-Method,Confidence Gate,AUROC,0.9355358659520391,0.02178219401355009,0.009741293302677395,0.9084896998435243,0.9625820320605538,"0.9355 [0.9085, 0.9626]"
Per-Method,Confidence Gate,F1,0.8309980981661738,0.032080258517857896,0.01434672775633938,0.79116519611148,0.8708310002208676,"0.8310 [0.7912, 0.8708]"
Per-Method,Confidence Gate,harm_rate,0.007040304615313101,0.002764712655079157,0.0012364170870021848,0.0036074604461229704,0.010473148784503231,"0.0070 [0.0036, 0.0105]"
Per-Method,Confidence Gate,coverage,0.5814527805864509,0.04681851342910792,0.020937875726594418,0.5233199180121081,0.6395856431607937,"0.5815 [0.5233, 0.6396]"
Per-Method,Confidence Gate,accuracy,0.8542616411346835,0.022542975887407637,0.010081525299876423,0.8262708395629139,0.8822524427064531,"0.8543 [0.8263, 0.8823]"
Per-Method,Confidence Gate,recall,0.721421360547417,0.054301604023785505,0.024284415576892097,0.6539970137863659,0.7888457073084681,"0.7214 [0.6540, 0.7888]"
Per-Method,Confidence Gate,specificity,0.9871019217219501,0.009799626498941815,0.004382526201148434,0.9749340783023704,0.9992697651415298,"0.9871 [0.9749, 0.9993]"
Per-Method,Confidence Gate,precision,0.9832183310472086,0.011744565160900465,0.005252329213189839,0.9686355273123602,0.9978011347820569,"0.9832 [0.9686, 0.9978]"
Per-Method,Confidence Gate,AUPRC,0.9503842459138407,0.014718845028492394,0.006582467606798764,0.9321083859468213,0.9686601058808602,"0.9504 [0.9321, 0.9687]"
Per-Method,Confidence Gate,ECE,0.13035743882404627,0.03048473246825167,0.013633186814981137,0.0925056440233448,0.16820923362474774,"0.1304 [0.0925, 0.1682]"
Per-Method,Confidence Gate,Brier,0.12713441369056702,0.027520242020608,0.012307426383065131,0.09296351995172365,0.1613053074294104,"0.1271 [0.0930, 0.1613]"
Per-Method,Confidence Gate,correction_rate,0.16041841909072993,0.05190766695749383,0.023213814374075176,0.09596653779885873,0.22487030038260114,"0.1604 [0.0960, 0.2249]"
Per-Method,Confidence Gate,flip_rate,0.03195852046934888,0.004607992360108728,0.002060756831400561,0.026236942251803883,0.037680098686893884,"0.0320 [0.0262, 0.0377]"
Per-Method,Entropy Gate,AUROC,0.9355359781969202,0.021782046490419937,0.00974122732832794,0.9084899952625651,0.9625819611312754,"0.9355 [0.9085, 0.9626]"
Per-Method,Entropy Gate,F1,0.8309980981661738,0.032080258517857896,0.01434672775633938,0.79116519611148,0.8708310002208676,"0.8310 [0.7912, 0.8708]"
Per-Method,Entropy Gate,harm_rate,0.007040304615313101,0.002764712655079157,0.0012364170870021848,0.0036074604461229704,0.010473148784503231,"0.0070 [0.0036, 0.0105]"
Per-Method,Entropy Gate,coverage,0.5814527805864509,0.04681851342910792,0.020937875726594418,0.5233199180121081,0.6395856431607937,"0.5815 [0.5233, 0.6396]"
Per-Method,Entropy Gate,accuracy,0.8542616411346835,0.022542975887407637,0.010081525299876423,0.8262708395629139,0.8822524427064531,"0.8543 [0.8263, 0.8823]"
Per-Method,Entropy Gate,recall,0.721421360547417,0.054301604023785505,0.024284415576892097,0.6539970137863659,0.7888457073084681,"0.7214 [0.6540, 0.7888]"
Per-Method,Entropy Gate,specificity,0.9871019217219501,0.009799626498941815,0.004382526201148434,0.9749340783023704,0.9992697651415298,"0.9871 [0.9749, 0.9993]"
Per-Method,Entropy Gate,precision,0.9832183310472086,0.011744565160900465,0.005252329213189839,0.9686355273123602,0.9978011347820569,"0.9832 [0.9686, 0.9978]"
Per-Method,Entropy Gate,AUPRC,0.950384331968578,0.01471871655232621,0.006582410150510549,0.9321086315257887,0.9686600324113672,"0.9504 [0.9321, 0.9687]"
Per-Method,Entropy Gate,ECE,0.1303573013483165,0.0304845588711605,0.013633109180001825,0.09250572209687333,0.16820888059975966,"0.1304 [0.0925, 0.1682]"
Per-Method,Entropy Gate,Brier,0.12713427958011628,0.027520079331659397,0.012307353626355478,0.09296358784628331,0.16130497131394925,"0.1271 [0.0930, 0.1613]"
Per-Method,Entropy Gate,correction_rate,0.16041841909072993,0.05190766695749383,0.023213814374075176,0.09596653779885873,0.22487030038260114,"0.1604 [0.0960, 0.2249]"
Per-Method,Entropy Gate,flip_rate,0.03195852046934888,0.004607992360108728,0.002060756831400561,0.026236942251803883,0.037680098686893884,"0.0320 [0.0262, 0.0377]"
Per-Method,UTTA-Med,AUROC,0.9354894621452639,0.021714163282686945,0.009710869034923597,0.9085277673460334,0.9624511569444943,"0.9355 [0.9085, 0.9625]"
Per-Method,UTTA-Med,F1,0.8299849343091452,0.03234519774038373,0.014465212178634123,0.789823066760129,0.8701468018581614,"0.8300 [0.7898, 0.8701]"
Per-Method,UTTA-Med,harm_rate,0.007308275063047448,0.0028474244925832315,0.0012734069452427902,0.0037727305830032283,0.010843819543091666,"0.0073 [0.0038, 0.0108]"
Per-Method,UTTA-Med,coverage,0.5754998706703977,0.04681860070586479,0.020937914757946662,0.517366899727648,0.6336328416131473,"0.5755 [0.5174, 0.6336]"
Per-Method,UTTA-Med,accuracy,0.8535060909077392,0.02265258981735522,0.010130546139605163,0.8253791856654521,0.8816329961500263,"0.8535 [0.8254, 0.8816]"
Per-Method,UTTA-Med,recall,0.7200337526747713,0.05475053237679435,0.024485182439763057,0.6520519877400162,0.7880155176095265,"0.7200 [0.6521, 0.7880]"
Per-Method,UTTA-Med,specificity,0.9869784291407072,0.00992087135283658,0.004436748548194579,0.974660040351079,0.9992968179303354,"0.9870 [0.9747, 0.9993]"
Per-Method,UTTA-Med,precision,0.9830451208630248,0.011882723618702146,0.005314115553852057,0.9682907707450767,0.9977994709809728,"0.9830 [0.9683, 0.9978]"
Per-Method,UTTA-Med,AUPRC,0.9502427279904258,0.01471151395546864,0.006579189051272938,0.9319759707528481,0.9685094852280034,"0.9502 [0.9320, 0.9685]"
Per-Method,UTTA-Med,ECE,0.13109112262608652,0.03071137074294278,0.013734542532683653,0.09295791923908608,0.16922432601308696,"0.1311 [0.0930, 0.1692]"
Per-Method,UTTA-Med,Brier,0.12787415325641632,0.0275925474083652,0.012339762335498047,0.09361348052071869,0.16213482599211396,"0.1279 [0.0936, 0.1621]"
Per-Method,UTTA-Med,correction_rate,0.15721735326177358,0.051775349800554635,0.023154640342574067,0.09292976542001845,0.2215049411035287,"0.1572 [0.0929, 0.2215]"
Per-Method,UTTA-Med,flip_rate,0.03164812942366026,0.004507488985559594,0.0020158103559085637,0.026051342627990904,0.03724491621932961,"0.0316 [0.0261, 0.0372]"
Delta (UTTA - Source),UTTA vs Source,Delta_AUROC,0.0057941064371388904,0.014424420851477352,0.006450797111993751,-0.01211617762908022,0.023704390503358003,"+0.0058 [-0.0121, +0.0237] (p=0.4199)"
Delta (UTTA - Source),UTTA vs Source,Delta_F1,0.02313257354618925,0.010237393319603603,0.004578301475007178,0.010421170825785734,0.03584397626659277,"+0.0231 [+0.0104, +0.0358] (p=0.0072)"
Delta (UTTA - Source),UTTA vs Source,Delta_accuracy,0.01951588331002385,0.008880223048205457,0.003971356478229558,0.008489630055047848,0.030542136564999857,"+0.0195 [+0.0085, +0.0305] (p=0.0080)"
Delta (UTTA - Source),UTTA vs Source,Delta_recall,0.02353979339243306,0.01257764349246443,0.005624893169181666,0.007922586285598122,0.039157000499268,"+0.0235 [+0.0079, +0.0392] (p=0.0139)"
Delta (UTTA - Source),UTTA vs Source,Delta_specificity,0.015491973227614642,0.0057791588744701885,0.002584518419217303,0.008316199713285222,0.02266774674194406,"+0.0155 [+0.0083, +0.0227] (p=0.0039)"
Delta (UTTA - Source),UTTA vs Source,Delta_precision,0.021284550677707025,0.006853894041271865,0.003065154597372928,0.012774317199156445,0.029794784156257605,"+0.0213 [+0.0128, +0.0298] (p=0.0023)"
Delta (UTTA - Source),UTTA vs Source,Delta_AUPRC,0.010282244633591864,0.009803082454246303,0.004384071751346041,-0.0018898899212687684,0.022454379188452497,"+0.0103 [-0.0019, +0.0225] (p=0.0789)"
Delta (UTTA - Source),UTTA vs Source,Delta_ECE,0.0029463906396208855,0.005495845204897519,0.0024578166943934224,-0.0038776024910011533,0.009770383770242924,"+0.0029 [-0.0039, +0.0098] (p=0.2968)"
Delta (UTTA - Source),UTTA vs Source,Delta_Brier,-0.011302139461040497,0.013175317345453129,0.005892181041913054,-0.027661456673799233,0.005057177751718239,"-0.0113 [-0.0277, +0.0051] (p=0.1275)"
