seed,method,coverage,accuracy,precision,recall,specificity,F1,AUROC,AUPRC,ECE,Brier,correction_rate,harm_rate,flip_rate
42,Source,1.0,0.851858819103158,0.9424060550512965,0.7495238319185459,0.9541938062877702,0.8349705304518664,0.935455984812425,0.9446081467164785,0.09884399567348207,0.12224078923463821,0.0,0.0,0.0
42,Tent,1.0,0.8495544007336515,0.9873774630339989,0.7081618736332213,0.9909469278340819,0.8247795366160925,0.9293880008383244,0.9477761866145002,0.13963581972810699,0.13543468713760376,0.3244444444444444,0.05912717034256218,0.09843158464034614
42,EATA,0.939485503327298,0.864392033296494,0.9881556150574894,0.737625508500482,0.991158558092506,0.8447059457130547,0.9362771968371943,0.9535703654291471,0.12495545175241082,0.12193670868873596,0.37992063492063494,0.051356722886245064,0.10003056881510569
42,Random Gate,0.701,0.8353498031840828,0.9865074882913791,0.68,0.9906996063681656,0.805067,0.922341,0.9416,0.153444,0.1534,0.24365079365079365,0.06175,0.08869659275283938
42,Confidence Gate,0.568,0.8830340568084332,0.9729213199876924,0.788,0.9780681136168664,0.870751,0.950807,0.9605,0.092135,0.0921,0.22738095238095238,0.00294,0.036188774190514264
42,Entropy Gate,0.568,0.8830340568084332,0.9729213199876924,0.788,0.9780681136168664,0.870751,0.950807,0.9605,0.092135,0.0921,0.22738095238095238,0.00294,0.036188774190514264
42,UTTA-Med,0.562,0.8820798560406582,0.9717965526543708,0.787,0.9771597120813162,0.86969,0.950674,0.9604,0.092982,0.093,0.22246031746031747,0.003216,0.03569497025419145
123,Source,1.0,0.8465682458800343,0.9474761211561097,0.733816,0.9593204917600685,0.82707,0.934925,0.9438,0.105628,0.125,0.0,0.0,0.0
123,Tent,1.0,0.8486878315102295,0.9879316494929448,0.706,0.991375663020459,0.823504,0.941004,0.952,0.140884,0.136,0.2561685823754789,0.043928,0.07649258118371857
123,EATA,0.872,0.8566855719676962,0.9842134122647139,0.725,0.9883711439353926,0.834951,0.940258,0.955,0.128879,0.1265,0.16582375478927203,0.018096,0.04076233921978978
123,Random Gate,0.699,0.8422987446650105,0.992231102725278,0.69,0.9945974893300211,0.813966,0.937161,0.948,0.147626,0.145,0.23938697318007662,0.048428,0.0777270910245256
123,Confidence Gate,0.588,0.8700621894039362,0.9685069135890235,0.765,0.9751243788078725,0.854808,0.942258,0.958,0.107222,0.1065,0.1867432950191571,0.006097,0.033813812401533146
123,Entropy Gate,0.588,0.8700621894039362,0.9685069135890235,0.765,0.9751243788078725,0.854808,0.942258,0.958,0.107222,0.1065,0.1867432950191571,0.006097,0.033813812401533146
123,UTTA-Med,0.583,0.8697194159551831,0.9688531859245164,0.764,0.9754388319103661,0.854318,0.942106,0.9578,0.107466,0.107,0.1857471264367816,0.006319,0.03384908411127049
2024,Source,1.0,0.8269099630822772,0.9623225034085996,0.6804618242528276,0.9733581019117267,0.7972120444089369,0.9319766182699603,0.9399911073357229,0.13183624377375158,0.14531181752681732,0.0,0.0,0.0
2024,Tent,1.0,0.8109553930444189,0.9931752069814276,0.6262139346767935,0.9956968514120441,0.7681169870639304,0.9330791414011296,0.9482358205795756,0.1812989934996826,0.1695941686630249,0.23203369107458227,0.06786384576010919,0.09628001034636818
2024,EATA,0.8752557198955957,0.8272391657064924,0.9909337848802342,0.6605215510146495,0.9939567803983351,0.7926743234472444,0.9315721775703024,0.944188543422928,0.16292435851599038,0.1589318960905075,0.1155413666621383,0.02378718079963601,0.039668916217932136
2024,Random Gate,0.7004608836739012,0.7550144614009923,0.9916137805983681,0.514379100336257,0.9956498224657276,0.6773808970845526,0.8966954232872482,0.9169374930809902,0.23738908449508353,0.22502344846725464,0.083548430919712,0.10443325939828244,0.10081830366590637
2024,Confidence Gate,0.5888141651186305,0.8507653961013003,0.9889216650278597,0.7094786841300821,0.9920521080725186,0.8262113723181401,0.955940097769018,0.9619953631833277,0.13528574007050034,0.13256247341632843,0.1713761717157995,0.007023829835636695,0.03547158275918828
2024,Entropy Gate,0.5888141651186305,0.8507653961013003,0.9889216650278597,0.7094786841300821,0.9920521080725186,0.8262113723181401,0.9559400856045481,0.9619953399466423,0.13528572236829786,0.13256245851516724,0.1713761717157995,0.007023829835636695,0.03547158275918828
2024,UTTA-Med,0.5812895337079973,0.8502363204552402,0.9888411172010896,0.7084675617842783,0.9920050791262022,0.825497287522604,0.9554636973185431,0.9615530420281398,0.13564580129891576,0.13308285176753998,0.16825159625050945,0.007009611556617187,0.0349189926399699
7,Source,1.0,0.8131657535212924,0.9820820965756896,0.637971171255908,0.9883603357866767,0.7734808204923524,0.9133543136414662,0.928028551509984,0.15988424403152457,0.1581210345029831,0.0,0.0,0.0
7,Tent,1.0,0.5129799891833423,0.931924882629108,0.02800573753145061,0.9979542408352341,0.05437735418331241,0.3429284629385227,0.4614981615009628,0.48010275615266007,0.48070380091667175,0.02567491032659996,0.3750560270664951,0.3097796693865074
7,EATA,0.8477085145907306,0.8123662614339126,0.9957826379040083,0.6273896583347051,0.9973428645331202,0.7697811629953405,0.8765724399883283,0.913239120611766,0.18292827140577983,0.17502261698246002,0.08331760115788811,0.020126368144817317,0.03193265454887483
7,Random Gate,0.6995673336938886,0.5149199332188962,0.9360824742268041,0.032026712441507746,0.9978131539962847,0.06193442772043108,0.35427178131363696,0.4730930732394115,0.4779454518991587,0.47808754444122314,0.02529733811591467,0.37258360684180847,0.30769863851200413
7,Confidence Gate,0.5160721424036494,0.8266748183506949,0.9951527248102078,0.6565476050509088,0.9968020316504809,0.7911424685481129,0.9020010994701257,0.9273183954836958,0.16580533133056938,0.1587638109922409,0.11314580580202631,0.00938362997556497,0.028769957909093046
7,Entropy Gate,0.5160721424036494,0.8266748183506949,0.9951527248102078,0.6565476050509088,0.9968020316504809,0.7911424685481129,0.9020014044112679,0.9273186603999095,0.16580484536427315,0.15876337885856628,0.11314580580202631,0.00938362997556497,0.028769957909093046
7,UTTA-Med,0.5104286688456745,0.8256519387683119,0.9951376474794422,0.6545018458861429,0.9968020316504809,0.7896506234307843,0.9015612466163967,0.9268903996327487,0.16698860768514778,0.15982232987880707,0.10918129758983072,0.009730636322889407,0.028311425682507583
99,Source,1.0,0.8314482564018153,0.9745160747348931,0.6806969689844099,0.9821995438192207,0.8015284084616237,0.932764861816773,0.9433746112219845,0.14453117645356992,0.14520782232284546,0.0,0.0,0.0
99,Tent,1.0,0.5131210760222917,0.8940677966101694,0.029769323018317775,0.9964728290262657,0.057620098764308306,0.34435004960828386,0.47956360562897815,0.47943180753162284,0.47935253381729126,0.04234095982142857,0.39144206566927797,0.33260046558656853
99,EATA,0.8920568109671503,0.8346932536976509,0.9924234561494552,0.6745361770169539,0.9948503303783479,0.8031694478665025,0.9203457685973723,0.9401060663074394,0.15889113859503018,0.15241479873657227,0.08140345982142858,0.012599338216578522,0.02419639287981753
99,Random Gate,0.7001081665765279,0.5182589884073647,0.9163538873994638,0.04018623462741317,0.9963317421873162,0.07699585510902865,0.3731357436414592,0.5098726882635551,0.47367071176796294,0.4722301959991455,0.04192243303571429,0.3851777482394864,0.32732146636254617
99,Confidence Gate,0.6463775954099749,0.840771745009053,0.9905890318212593,0.6880805135560938,0.9934629764620123,0.8120776499646163,0.9266731325210523,0.9441074709021803,0.15133912271916167,0.14574578404426575,0.10344587053571429,0.00975706326536384,0.025548475086415688
99,Entropy Gate,0.6463775954099749,0.840771745009053,0.9905890318212593,0.6880805135560938,0.9934629764620123,0.8120776499646163,0.9266734009687847,0.944107659496338,0.1513389390090114,0.14574556052684784,0.10344587053571429,0.00975706326536384,0.025548475086415688
99,UTTA-Med,0.6407811507983163,0.839842923319303,0.9905971010557045,0.6861993557034355,0.9934864909351706,0.8107687605923374,0.9276423667913791,0.9445701982912407,0.152373204146369,0.14646558463573456,0.10044642857142858,0.010266127435730648,0.025466174430361886
