method,metric,n_slides,n_boot,bootstrap_mean,bootstrap_sd,ci_95_low,ci_95_high,display
Source,AUROC,10,1000,0.9295255059085364,0.008995551652521323,0.909431866549066,0.9405351385996485,"0.9295 [0.9094, 0.9405]"
Source,F1,10,1000,0.8065194375456606,0.024234071408331795,0.7602662102796168,0.8484734398935265,"0.8065 [0.7603, 0.8485]"
Source,ECE,10,1000,0.12896290528179116,0.025474563271334415,0.08623557077073614,0.1730575135927415,"0.1290 [0.0862, 0.1731]"
Source,Brier,10,1000,0.13855668500255916,0.014647936503341511,0.1147227151965952,0.1635308669662465,"0.1386 [0.1147, 0.1635]"
Source,harm_rate,10,1000,0.0,0.0,0.0,0.0,"0.0000 [0.0000, 0.0000]"
Source,correction_rate,10,1000,0.0,0.0,0.0,0.0,"0.0000 [0.0000, 0.0000]"
Tent,AUROC,10,1000,0.6704915187567658,0.2963451906751996,0.1615590437860439,1.0,"0.6705 [0.1616, 1.0000]"
Tent,F1,10,1000,0.5372984887366506,0.36270257762554153,0.0,1.0,"0.5373 [0.0000, 1.0000]"
Tent,ECE,10,1000,0.27806516078748084,0.173743871271912,0.02408846861677787,0.5803230821897551,"0.2781 [0.0241, 0.5803]"
Tent,Brier,10,1000,0.28015442851689515,0.17849141278729874,0.01552888789155589,0.594510641118117,"0.2802 [0.0155, 0.5945]"
Tent,harm_rate,10,1000,0.193691685085044,0.16928454290761882,0.0,0.48051093657500193,"0.1937 [0.0000, 0.4805]"
Tent,correction_rate,10,1000,0.17637098380691338,0.1255758244950128,0.0,0.37832699837671185,"0.1764 [0.0000, 0.3783]"
EATA,AUROC,10,1000,0.9219719178340927,0.024711682986162754,0.8680337935406406,0.9549112997133519,"0.9220 [0.8680, 0.9549]"
EATA,F1,10,1000,0.8088707795323499,0.029589176328532318,0.7569478519392663,0.8579957943541365,"0.8089 [0.7569, 0.8580]"
EATA,ECE,10,1000,0.1509746943105135,0.023220346256727316,0.1126240947779235,0.19360802200635788,"0.1510 [0.1126, 0.1936]"
EATA,Brier,10,1000,0.1456015734353269,0.02205173844393295,0.11073889414041733,0.18452742349357065,"0.1456 [0.1107, 0.1845]"
EATA,harm_rate,10,1000,0.025537638763607547,0.014660821694964134,0.005088796565465906,0.057848567847673955,"0.0255 [0.0051, 0.0578]"
EATA,correction_rate,10,1000,0.16957927172226625,0.12287695178046452,0.0035693346872873464,0.43094635440699225,"0.1696 [0.0036, 0.4309]"
Random Gate,AUROC,10,1000,0.6694625803926678,0.28681972553432833,0.17861975392812024,1.0,"0.6695 [0.1786, 1.0000]"
Random Gate,F1,10,1000,0.500758328854657,0.34595477730575147,0.0,1.0,"0.5008 [0.0000, 1.0000]"
Random Gate,ECE,10,1000,0.29261375620816354,0.15820652964409349,0.06018407623894968,0.5647552988779645,"0.2926 [0.0602, 0.5648]"
Random Gate,Brier,10,1000,0.2921918095371042,0.16557956408533808,0.03517193734825245,0.5806015473476304,"0.2922 [0.0352, 0.5806]"
Random Gate,harm_rate,10,1000,0.19258322671534353,0.15866425665241707,0.0,0.4789015066907011,"0.1926 [0.0000, 0.4789]"
Random Gate,correction_rate,10,1000,0.12548491633889636,0.09988892785108829,0.0,0.2997974807383247,"0.1255 [0.0000, 0.2998]"
Confidence Gate,AUROC,10,1000,0.9362448834482738,0.021295902745341013,0.8920533634562836,0.967834315714959,"0.9362 [0.8921, 0.9678]"
Confidence Gate,F1,10,1000,0.8303429969568177,0.03034400655887677,0.7799638660788886,0.8842262677126608,"0.8303 [0.7800, 0.8842]"
Confidence Gate,ECE,10,1000,0.12910714001930856,0.029769605213490053,0.0770393708982336,0.18104828277089519,"0.1291 [0.0770, 0.1810]"
Confidence Gate,Brier,10,1000,0.1267610353372868,0.026372204308215273,0.08093753994831059,0.1723602710996985,"0.1268 [0.0809, 0.1724]"
Confidence Gate,harm_rate,10,1000,0.00709466693586655,0.0026110222715845367,0.0017428818532655987,0.011008124985414168,"0.0071 [0.0017, 0.0110]"
Confidence Gate,correction_rate,10,1000,0.1598106413301912,0.050012356688436226,0.07830439288215624,0.24665097755713378,"0.1598 [0.0783, 0.2467]"
Entropy Gate,AUROC,10,1000,0.9366239938290042,0.020989861416926596,0.8943152961363978,0.9667763340136629,"0.9366 [0.8943, 0.9668]"
Entropy Gate,F1,10,1000,0.8302905485173626,0.031121884658425265,0.7754154625997103,0.8862729093939363,"0.8303 [0.7754, 0.8863]"
Entropy Gate,ECE,10,1000,0.130206439260718,0.029840265874179973,0.07881380171670455,0.17843481972394445,"0.1302 [0.0788, 0.1784]"
Entropy Gate,Brier,10,1000,0.1266752925483551,0.026939741167959663,0.07875753684206101,0.16972773200384556,"0.1267 [0.0788, 0.1697]"
Entropy Gate,harm_rate,10,1000,0.007089240966592795,0.002631366173856549,0.0018339217290775566,0.011125862127063027,"0.0071 [0.0018, 0.0111]"
Entropy Gate,correction_rate,10,1000,0.15789128609256542,0.05037770951480608,0.07367550389885154,0.24704200384106434,"0.1579 [0.0737, 0.2470]"
UTTA-Med,AUROC,10,1000,0.9353586338880865,0.020906868967903756,0.8938289736070786,0.9662565378824955,"0.9354 [0.8938, 0.9663]"
UTTA-Med,F1,10,1000,0.8307884187135101,0.03190549949329828,0.7763341932704828,0.882328550498662,"0.8308 [0.7763, 0.8823]"
UTTA-Med,ECE,10,1000,0.13085032694880136,0.030425349697665437,0.07890865564122525,0.18156319564964507,"0.1309 [0.0789, 0.1816]"
UTTA-Med,Brier,10,1000,0.12770013471558955,0.02595969399129773,0.0818435368945178,0.171546810627171,"0.1277 [0.0818, 0.1715]"
UTTA-Med,harm_rate,10,1000,0.007286040907062075,0.002761462272292432,0.0018735090811843073,0.011630614905716364,"0.0073 [0.0019, 0.0116]"
UTTA-Med,correction_rate,10,1000,0.15745995489243086,0.051514382521151134,0.07178144287780872,0.24609365593820395,"0.1575 [0.0718, 0.2461]"
